{
  "model_id": "external_e01_anchor_stable",
  "rows": 576,
  "top1_weight_pct_max": 92.3,
  "top1_weight_pct_avg": 47.66611570247933,
  "hhi_max": 0.8555059999999999,
  "hhi_avg": 0.35594581818181814
}