{
  "model_id": "hybrid_h07_risk_parity",
  "rows": 599,
  "top1_weight_pct_max": 78.7,
  "top1_weight_pct_avg": 46.72148760330579,
  "hhi_max": 0.647746,
  "hhi_avg": 0.34288743801652893,
  "policy": "soft_stage+cooldown+monthly_cap20"
}